"Ref","Survey.ID","Scientific.name","Image","Small_version","Cover","Site","Image_rating","Image_land","Image_link","Abundance"
20520,1257,"Xantho pilipes","DSCF1013.JPG","1257-1-small.jpg","0","0","2","1","https://www.dassh.ac.uk/rockpool_images/Survey-images/1257-1-small.jpg","Rare <10"
20519,1257,"Necora puber","DSCF1015.JPG","1257-2-small.jpg","0","0","2","1","https://www.dassh.ac.uk/rockpool_images/Survey-images/1257-2-small.jpg","Rare <10"
20518,1257,"Carcinus maenas","DSCF1017.JPG","1257-3-small.jpg","0","0","3","1","https://www.dassh.ac.uk/rockpool_images/Survey-images/1257-3-small.jpg","Rare <10"
20517,1257,"Xantho hydrophilus","DSCF1012.JPG","1257-4-small.jpg","0","0","2","1","https://www.dassh.ac.uk/rockpool_images/Survey-images/1257-4-small.jpg","Occasional <100"
20516,1256,"Fucus serratus","DSCF1002.JPG","1256-1-small.jpg","0","0","3","1","https://www.dassh.ac.uk/rockpool_images/Survey-images/1256-1-small.jpg","Frequent <1000"
20515,1256,"Ascophyllum nodosum","DSCF1001.JPG","1256-2-small.jpg","0","0","3","1","https://www.dassh.ac.uk/rockpool_images/Survey-images/1256-2-small.jpg","Rare <10"
20514,1256,"Fucus guiryi","DSCF1007.JPG","1256-3-small.jpg","0","0","2","1","https://www.dassh.ac.uk/rockpool_images/Survey-images/1256-3-small.jpg","Single"
20513,1256,"Fucus vesiculosus","DSCF1004.JPG","1256-4-small.jpg","0","0","3","1","https://www.dassh.ac.uk/rockpool_images/Survey-images/1256-4-small.jpg","Occasional <100"
20512,1255,"Xantho hydrophilus","WhatsApp Image 2023-06-15 at 13.01.23.jpeg","1255-1-small.jpg","0","0","3","1","https://www.dassh.ac.uk/rockpool_images/Survey-images/1255-1-small.jpg","Occasional <100"
20511,1255,"Cancer pagurus","WhatsApp Image 2023-06-15 at 16.31.27.jpeg","1255-2-small.jpg","1","0","3","1","https://www.dassh.ac.uk/rockpool_images/Survey-images/1255-2-small.jpg","Rare <10"
20510,1255,"Necora puber","WhatsApp Image 2023-06-15 at 13.01.22.jpeg","1255-3-small.jpg","0","0","3","1","https://www.dassh.ac.uk/rockpool_images/Survey-images/1255-3-small.jpg","Rare <10"
20509,1255,"Carcinus maenas","WhatsApp Image 2023-06-15 at 13.01.21.jpeg","1255-4-small.jpg","0","0","3","1","https://www.dassh.ac.uk/rockpool_images/Survey-images/1255-4-small.jpg","Single"
20508,1254,"Fucus spiralis","15.06 spiralled wrack 1.jpeg","1254-1-small.jpg","0","0","3","1","https://www.dassh.ac.uk/rockpool_images/Survey-images/1254-1-small.jpg","Rare <10"
20507,1254,"Fucus vesiculosus","15.06 Bladder wrack.jpeg","1254-2-small.jpg","0","0","3","1","https://www.dassh.ac.uk/rockpool_images/Survey-images/1254-2-small.jpg","Occasional <100"
20506,1254,"Cystoseira tamariscifolia","15.06 Bushy rainbow wrack.jpeg","1254-3-small.jpg","0","0","3","1","https://www.dassh.ac.uk/rockpool_images/Survey-images/1254-3-small.jpg","Occasional <100"
20505,1254,"Sargassum muticum","15.06 wireweed.jpeg","1254-4-small.jpg","0","0","3","1","https://www.dassh.ac.uk/rockpool_images/Survey-images/1254-4-small.jpg","Common <10000"
20504,1254,"Fucus serratus","15.06 serrated wrack.jpeg","1254-5-small.jpg","0","0","3","1","https://www.dassh.ac.uk/rockpool_images/Survey-images/1254-5-small.jpg","Common <10000"
20503,1253,"Necora puber","353163635_779353477008141_4378689697199080719_n.jpg","1253-1-small.jpg","0","0","3","1","https://www.dassh.ac.uk/rockpool_images/Survey-images/1253-1-small.jpg","Single"
20502,1253,"Cancer pagurus","353134900_800491271388061_4858120764365663908_n.jpg","1253-2-small.jpg","0","0","3","1","https://www.dassh.ac.uk/rockpool_images/Survey-images/1253-2-small.jpg","Single"
20501,1253,"Xantho pilipes","354618593_2204929663029389_8431041755665601616_n.jpg","1253-3-small.jpg","0","0","3","1","https://www.dassh.ac.uk/rockpool_images/Survey-images/1253-3-small.jpg","Single"
20500,1253,"Xantho hydrophilus","354578457_275049071721758_2447750979559441045_n.jpg","1253-4-small.jpg","0","0","3","1","https://www.dassh.ac.uk/rockpool_images/Survey-images/1253-4-small.jpg","Rare <10"
20499,1253,"Carcinus maenas","354424182_748010723673953_6756938412280385027_n.jpg","1253-5-small.jpg","0","0","3","1","https://www.dassh.ac.uk/rockpool_images/Survey-images/1253-5-small.jpg","Rare <10"
20498,1251,"Fucus serratus","353147821_274354711835768_5225716845027581820_n.jpg","1251-1-small.jpg","0","0","3","1","https://www.dassh.ac.uk/rockpool_images/Survey-images/1251-1-small.jpg","Occasional <100"
20497,1251,"Ascophyllum nodosum","354582550_965020071295434_8909855249327117014_n.jpg","1251-2-small.jpg","0","0","3","1","https://www.dassh.ac.uk/rockpool_images/Survey-images/1251-2-small.jpg","Rare <10"
20496,1251,"Fucus vesiculosus","354494477_276381438247834_6638055924549433673_n.jpg","1251-3-small.jpg","0","0","3","1","https://www.dassh.ac.uk/rockpool_images/Survey-images/1251-3-small.jpg","Rare <10"
20495,1251,"Fucus spiralis","354359386_282561217664428_3893952831453125674_n.jpg","1251-4-small.jpg","0","0","3","1","https://www.dassh.ac.uk/rockpool_images/Survey-images/1251-4-small.jpg","Occasional <100"
20491,1249,"Fucus guiryi","RPP40021.JPG","1249-1-small.jpg","0","0","3","1","https://www.dassh.ac.uk/rockpool_images/Survey-images/1249-1-small.jpg","Occasional <100"
20490,1249,"Ascophyllum nodosum","RPP40018.JPG","1249-2-small.jpg","0","0","3","1","https://www.dassh.ac.uk/rockpool_images/Survey-images/1249-2-small.jpg","Occasional <100"
20489,1249,"Fucus spiralis","RPP40017.JPG","1249-3-small.jpg","0","0","3","1","https://www.dassh.ac.uk/rockpool_images/Survey-images/1249-3-small.jpg","Rare <10"
20488,1249,"Fucus vesiculosus","RPP40014.JPG","1249-4-small.jpg","0","0","3","1","https://www.dassh.ac.uk/rockpool_images/Survey-images/1249-4-small.jpg","Frequent <1000"
20487,1249,"Cystoseira tamariscifolia","RPP40010.JPG","1249-5-small.jpg","0","0","1","1","https://www.dassh.ac.uk/rockpool_images/Survey-images/1249-5-small.jpg","Occasional <100"
20486,1249,"Sargassum muticum","RPP40006.JPG","1249-6-small.jpg","0","0","3","1","https://www.dassh.ac.uk/rockpool_images/Survey-images/1249-6-small.jpg","Common <10000"
20485,1249,"Himanthalia elongata","RPP40005.JPG","1249-7-small.jpg","0","0","3","1","https://www.dassh.ac.uk/rockpool_images/Survey-images/1249-7-small.jpg","Frequent <1000"
20484,1249,"Fucus serratus","RPP40004.JPG","1249-8-small.jpg","0","0","3","1","https://www.dassh.ac.uk/rockpool_images/Survey-images/1249-8-small.jpg","Common <10000"
20637,1262,"Fucus vesiculosus","IMG_3437.jpg","1262-1-small.jpg","0","0","3","0","https://www.dassh.ac.uk/rockpool_images/Survey-images/1262-1-small.jpg","Common <10000"
20638,1262,"Fucus guiryi","IMG_3439.jpg","1262-2-small.jpg","0","0","3","0","https://www.dassh.ac.uk/rockpool_images/Survey-images/1262-2-small.jpg","Frequent <1000"
20639,1262,"Ascophyllum nodosum","IMG_3440.jpg","1262-3-small.jpg","0","0","3","0","https://www.dassh.ac.uk/rockpool_images/Survey-images/1262-3-small.jpg","Rare <10"
20640,1262,"Cystoseira tamariscifolia","IMG_3443.jpg","1262-4-small.jpg","0","0","3","0","https://www.dassh.ac.uk/rockpool_images/Survey-images/1262-4-small.jpg","Single"
20641,1262,"Himanthalia elongata","IMG_3434.jpg","1262-5-small.jpg","0","0","3","0","https://www.dassh.ac.uk/rockpool_images/Survey-images/1262-5-small.jpg","Frequent <1000"
20642,1262,"Fucus serratus","IMG_3435.jpg","1262-6-small.jpg","0","0","3","0","https://www.dassh.ac.uk/rockpool_images/Survey-images/1262-6-small.jpg","Common <10000"
20643,1262,"Sargassum muticum","IMG_3433.jpg","1262-7-small.jpg","0","0","3","0","https://www.dassh.ac.uk/rockpool_images/Survey-images/1262-7-small.jpg","Common <10000"
20644,1263,"Cancer pagurus","IMG_3423.jpg","1263-1-small.jpg","0","0","3","0","https://www.dassh.ac.uk/rockpool_images/Survey-images/1263-1-small.jpg","Single"
20645,1263,"Maja brachydactyla","IMG_3429.jpg","1263-2-small.jpg","0","0","3","0","https://www.dassh.ac.uk/rockpool_images/Survey-images/1263-2-small.jpg","Single"
20646,1263,"Necora puber","IMG_3421.jpg","1263-3-small.jpg","0","0","3","0","https://www.dassh.ac.uk/rockpool_images/Survey-images/1263-3-small.jpg","Single"
20647,1263,"Xantho hydrophilus","IMG_3415.jpg","1263-4-small.jpg","0","0","3","0","https://www.dassh.ac.uk/rockpool_images/Survey-images/1263-4-small.jpg","Occasional <100"
20648,1264,"Fucus vesiculosus","IMG_3359.jpg","1264-1-small.jpg","0","0","3","0","https://www.dassh.ac.uk/rockpool_images/Survey-images/1264-1-small.jpg","Occasional <100"
20649,1264,"Fucus serratus","IMG_3357.jpg","1264-2-small.jpg","0","0","3","0","https://www.dassh.ac.uk/rockpool_images/Survey-images/1264-2-small.jpg","Common <10000"
20650,1264,"Fucus spiralis","IMG_3358.jpg","1264-3-small.jpg","0","0","3","0","https://www.dassh.ac.uk/rockpool_images/Survey-images/1264-3-small.jpg","Rare <10"
20651,1264,"Sargassum muticum","IMG_3354.jpg","1264-4-small.jpg","0","0","3","0","https://www.dassh.ac.uk/rockpool_images/Survey-images/1264-4-small.jpg","Common <10000"
20652,1264,"Ascophyllum nodosum","IMG_3356.jpg","1264-5-small.jpg","0","0","3","0","https://www.dassh.ac.uk/rockpool_images/Survey-images/1264-5-small.jpg","Frequent <1000"
20653,1265,"Xantho hydrophilus","IMG_3365.jpg","1265-1-small.jpg","0","0","3","0","https://www.dassh.ac.uk/rockpool_images/Survey-images/1265-1-small.jpg","Occasional <100"
20654,1266,"Xantho hydrophilus","RPP40003.JPG","1266-1-small.jpg","0","0","3","1","https://www.dassh.ac.uk/rockpool_images/Survey-images/1266-1-small.jpg","Frequent <1000"
20655,1266,"Carcinus maenas","RPP40011.JPG","1266-2-small.jpg","0","0","3","1","https://www.dassh.ac.uk/rockpool_images/Survey-images/1266-2-small.jpg","Single"
20656,1266,"Necora puber","RPP40010.JPG","1266-3-small.jpg","0","0","3","1","https://www.dassh.ac.uk/rockpool_images/Survey-images/1266-3-small.jpg","Single"
20657,1267,"Xantho pilipes","RPP40007.JPG","1267-1-small.jpg","0","0","3","1","https://www.dassh.ac.uk/rockpool_images/Survey-images/1267-1-small.jpg","Rare <10"
20658,1267,"Carcinus maenas","RPP40009.JPG","1267-2-small.jpg","0","0","3","1","https://www.dassh.ac.uk/rockpool_images/Survey-images/1267-2-small.jpg","Single"
20659,1267,"Xantho hydrophilus","RPP40002.JPG","1267-3-small.jpg","0","0","3","1","https://www.dassh.ac.uk/rockpool_images/Survey-images/1267-3-small.jpg","Frequent <1000"
20660,1267,"Cancer pagurus","RPP40004.JPG","1267-4-small.jpg","0","0","3","1","https://www.dassh.ac.uk/rockpool_images/Survey-images/1267-4-small.jpg","Rare <10"
20661,1268,"Sargassum muticum","RPP40012.JPG","1268-1-small.jpg","0","0","3","1","https://www.dassh.ac.uk/rockpool_images/Survey-images/1268-1-small.jpg","Frequent <1000"
20662,1268,"Himanthalia elongata","RPP40013.JPG","1268-2-small.jpg","0","0","3","1","https://www.dassh.ac.uk/rockpool_images/Survey-images/1268-2-small.jpg","Frequent <1000"
20663,1268,"Cystoseira tamariscifolia","RPP40015.JPG","1268-3-small.jpg","0","0","3","1","https://www.dassh.ac.uk/rockpool_images/Survey-images/1268-3-small.jpg","Rare <10"
20664,1268,"Fucus serratus","RPP40016.JPG","1268-4-small.jpg","0","0","3","1","https://www.dassh.ac.uk/rockpool_images/Survey-images/1268-4-small.jpg","Occasional <100"
20665,1268,"Fucus vesiculosus","RPP40017.JPG","1268-5-small.jpg","0","0","3","1","https://www.dassh.ac.uk/rockpool_images/Survey-images/1268-5-small.jpg","Occasional <100"
20666,1268,"Fucus spiralis","RPP40018.JPG","1268-6-small.jpg","0","0","3","1","https://www.dassh.ac.uk/rockpool_images/Survey-images/1268-6-small.jpg","Rare <10"
20667,1268,"Fucus guiryi","RPP40019.JPG","1268-7-small.jpg","0","0","3","1","https://www.dassh.ac.uk/rockpool_images/Survey-images/1268-7-small.jpg","Occasional <100"
20668,1269,"Fucus guiryi","WhatsApp Image 2023-06-21 at 08.33.24.jpeg","1269-1-small.jpg","0","0","3","1","https://www.dassh.ac.uk/rockpool_images/Survey-images/1269-1-small.jpg","Occasional <100"
20669,1269,"Fucus serratus","WhatsApp Image 2023-06-21 at 08.33.24 (1).jpeg","1269-2-small.jpg","0","0","3","0","https://www.dassh.ac.uk/rockpool_images/Survey-images/1269-2-small.jpg","Occasional <100"
20670,1269,"Fucus vesiculosus","WhatsApp Image 2023-06-21 at 08.32.11.jpeg","1269-3-small.jpg","0","0","3","0","https://www.dassh.ac.uk/rockpool_images/Survey-images/1269-3-small.jpg","Occasional <100"
20671,1269,"Ascophyllum nodosum","WhatsApp Image 2023-06-21 at 08.33.22.jpeg","1269-4-small.jpg","0","0","3","0","https://www.dassh.ac.uk/rockpool_images/Survey-images/1269-4-small.jpg","Occasional <100"
20672,1270,"Cancer pagurus","P1015901.JPG","1270-1-small.jpg","0","0","3","1","https://www.dassh.ac.uk/rockpool_images/Survey-images/1270-1-small.jpg","Rare <10"
20673,1270,"Xantho hydrophilus","P1015902.JPG","1270-2-small.jpg","0","0","3","1","https://www.dassh.ac.uk/rockpool_images/Survey-images/1270-2-small.jpg","Occasional <100"
20674,1270,"Carcinus maenas","shore.jpeg","1270-3-small.jpg","0","0","3","0","https://www.dassh.ac.uk/rockpool_images/Survey-images/1270-3-small.jpg","Rare <10"
20675,1271,"Cancer pagurus","WhatsApp Image 2023-06-21 at 08.31.36.jpeg","1271-1-small.jpg","0","0","3","0","https://www.dassh.ac.uk/rockpool_images/Survey-images/1271-1-small.jpg","Rare <10"
20676,1271,"Carcinus maenas","WhatsApp Image 2023-06-21 at 08.31.43.jpeg","1271-2-small.jpg","0","0","3","0","https://www.dassh.ac.uk/rockpool_images/Survey-images/1271-2-small.jpg","Rare <10"
20677,1271,"Necora puber","WhatsApp Image 2023-06-21 at 08.31.35.jpeg","1271-3-small.jpg","0","0","3","0","https://www.dassh.ac.uk/rockpool_images/Survey-images/1271-3-small.jpg","Rare <10"
20678,1271,"Xantho hydrophilus","WhatsApp Image 2023-06-21 at 08.31.36 (1).jpeg","1271-4-small.jpg","0","0","3","1","https://www.dassh.ac.uk/rockpool_images/Survey-images/1271-4-small.jpg","Rare <10"
20679,1272,"Ascophyllum nodosum","WhatsApp Image 2023-06-21 at 08.30.58.jpeg","1272-1-small.jpg","0","0","3","0","https://www.dassh.ac.uk/rockpool_images/Survey-images/1272-1-small.jpg","Occasional <100"
20680,1272,"Fucus spiralis","WhatsApp Image 2023-06-20 at 19.42.22.jpeg","1272-2-small.jpg","0","0","3","1","https://www.dassh.ac.uk/rockpool_images/Survey-images/1272-2-small.jpg","Rare <10"
20681,1272,"Fucus serratus","WhatsApp Image 2023-06-21 at 08.30.57.jpeg","1272-3-small.jpg","0","0","3","0","https://www.dassh.ac.uk/rockpool_images/Survey-images/1272-3-small.jpg","Frequent <1000"
20682,1272,"Fucus vesiculosus","WhatsApp Image 2023-06-21 at 08.30.58 (1).jpeg","1272-4-small.jpg","0","0","3","0","https://www.dassh.ac.uk/rockpool_images/Survey-images/1272-4-small.jpg","Rare <10"
20683,1273,"Sargassum muticum","secondbatchwireweed.jpg","1273-1-small.jpg","0","0","3","1","https://www.dassh.ac.uk/rockpool_images/Survey-images/1273-1-small.jpg","Common <10000"
20684,1273,"Fucus vesiculosus","secondbatchbladder.jpg","1273-2-small.jpg","0","0","3","1","https://www.dassh.ac.uk/rockpool_images/Survey-images/1273-2-small.jpg","Frequent <1000"
20685,1273,"Pelvetia canaliculata","secondbatchchannel.jpg","1273-3-small.jpg","0","0","3","1","https://www.dassh.ac.uk/rockpool_images/Survey-images/1273-3-small.jpg","Frequent <1000"
20686,1273,"Himanthalia elongata","secondbatchthongweed.jpg","1273-4-small.jpg","0","0","3","1","https://www.dassh.ac.uk/rockpool_images/Survey-images/1273-4-small.jpg","Occasional <100"
20687,1273,"Fucus serratus","secondbatchserrated.jpg","1273-5-small.jpg","0","0","3","0","https://www.dassh.ac.uk/rockpool_images/Survey-images/1273-5-small.jpg","Common <10000"
20688,1274,"Pelvetia canaliculata","RPP40014.JPG","1274-1-small.jpg","0","0","3","1","https://www.dassh.ac.uk/rockpool_images/Survey-images/1274-1-small.jpg","Occasional <100"
20689,1274,"Fucus spiralis","RPP40016.JPG","1274-2-small.jpg","0","0","3","1","https://www.dassh.ac.uk/rockpool_images/Survey-images/1274-2-small.jpg","Occasional <100"
20690,1274,"Fucus vesiculosus","RPP40013.JPG","1274-3-small.jpg","0","0","3","1","https://www.dassh.ac.uk/rockpool_images/Survey-images/1274-3-small.jpg","Occasional <100"
20691,1274,"Himanthalia elongata","RPP40008.JPG","1274-4-small.jpg","0","0","3","1","https://www.dassh.ac.uk/rockpool_images/Survey-images/1274-4-small.jpg","Common <10000"
20692,1274,"Fucus serratus","RPP40009.JPG","1274-5-small.jpg","0","0","3","1","https://www.dassh.ac.uk/rockpool_images/Survey-images/1274-5-small.jpg","Common <10000"
20693,1274,"Sargassum muticum","RPP40010.JPG","1274-6-small.jpg","0","0","3","1","https://www.dassh.ac.uk/rockpool_images/Survey-images/1274-6-small.jpg","Common <10000"
20694,1274,"Cystoseira tamariscifolia","RPP40012.JPG","1274-7-small.jpg","0","0","3","1","https://www.dassh.ac.uk/rockpool_images/Survey-images/1274-7-small.jpg","Single"
20695,1275,"Sargassum muticum","firstbatchwireweed.jpg","1275-1-small.jpg","0","0","3","1","https://www.dassh.ac.uk/rockpool_images/Survey-images/1275-1-small.jpg","Abundant <100000"
20696,1275,"Fucus spiralis","firstbatchspiralled.jpg","1275-2-small.jpg","0","0","3","0","https://www.dassh.ac.uk/rockpool_images/Survey-images/1275-2-small.jpg","Frequent <1000"
20697,1275,"Himanthalia elongata","firstbatchthongweed.jpg","1275-3-small.jpg","0","0","3","0","https://www.dassh.ac.uk/rockpool_images/Survey-images/1275-3-small.jpg","Common <10000"
20698,1275,"Fucus guiryi","firstbatchguiry.jpg","1275-4-small.jpg","0","0","3","1","https://www.dassh.ac.uk/rockpool_images/Survey-images/1275-4-small.jpg","Frequent <1000"
20699,1275,"Fucus vesiculosus","firstbatchbladder.jpg","1275-5-small.jpg","0","0","3","0","https://www.dassh.ac.uk/rockpool_images/Survey-images/1275-5-small.jpg","Common <10000"
20700,1275,"Cystoseira tamariscifolia","firstbatchrainbow.jpg","1275-6-small.jpg","0","0","3","1","https://www.dassh.ac.uk/rockpool_images/Survey-images/1275-6-small.jpg","Frequent <1000"
20701,1275,"Fucus serratus","firstbatchserrated.jpg","1275-7-small.jpg","0","0","3","1","https://www.dassh.ac.uk/rockpool_images/Survey-images/1275-7-small.jpg","Abundant <100000"
20702,1276,"Carcinus maenas","RPP40006.JPG","1276-1-small.jpg","0","0","3","1","https://www.dassh.ac.uk/rockpool_images/Survey-images/1276-1-small.jpg","Single"
20703,1276,"Necora puber","RPP40004.JPG","1276-2-small.jpg","0","0","3","1","https://www.dassh.ac.uk/rockpool_images/Survey-images/1276-2-small.jpg","Single"
20704,1276,"Xantho hydrophilus","RPP40001.JPG","1276-3-small.jpg","0","0","3","1","https://www.dassh.ac.uk/rockpool_images/Survey-images/1276-3-small.jpg","Occasional <100"
20705,1276,"Cancer pagurus","RPP40002.JPG","1276-4-small.jpg","0","0","3","1","https://www.dassh.ac.uk/rockpool_images/Survey-images/1276-4-small.jpg","Rare <10"
20706,1277,"Fucus spiralis","spiralledwrack.jpg","1277-1-small.jpg","0","0","3","1","https://www.dassh.ac.uk/rockpool_images/Survey-images/1277-1-small.jpg","Rare <10"
20707,1277,"Fucus vesiculosus","bladderwrack.jpg","1277-2-small.jpg","0","0","3","0","https://www.dassh.ac.uk/rockpool_images/Survey-images/1277-2-small.jpg","Occasional <100"
20708,1277,"Himanthalia elongata","thongweed.jpg","1277-3-small.jpg","0","0","3","0","https://www.dassh.ac.uk/rockpool_images/Survey-images/1277-3-small.jpg","Occasional <100"
20709,1277,"Sargassum muticum","wireweed.jpg","1277-4-small.jpg","0","0","3","0","https://www.dassh.ac.uk/rockpool_images/Survey-images/1277-4-small.jpg","Common <10000"
20710,1277,"Fucus serratus","serratedwrack.jpg","1277-5-small.jpg","0","0","3","0","https://www.dassh.ac.uk/rockpool_images/Survey-images/1277-5-small.jpg","Common <10000"
20711,1277,"Fucus guiryi","guiryswrack.jpg","1277-6-small.jpg","0","0","3","1","https://www.dassh.ac.uk/rockpool_images/Survey-images/1277-6-small.jpg","Rare <10"
20712,1278,"Cancer pagurus","WhatsApp Image 2023-06-21 at 16.27.42 (1).jpeg","1278-1-small.jpg","0","0","3","1","https://www.dassh.ac.uk/rockpool_images/Survey-images/1278-1-small.jpg","Single"
20713,1278,"Xantho hydrophilus","WhatsApp Image 2023-06-21 at 16.27.42 (2).jpeg","1278-2-small.jpg","0","0","3","1","https://www.dassh.ac.uk/rockpool_images/Survey-images/1278-2-small.jpg","Frequent <1000"
20714,1278,"Carcinus maenas","WhatsApp Image 2023-06-21 at 16.27.42.jpeg","1278-3-small.jpg","0","0","3","0","https://www.dassh.ac.uk/rockpool_images/Survey-images/1278-3-small.jpg","Single"
20715,1279,"Fucus serratus","WhatsApp Image 2023-06-21 at 16.27.43.jpeg","1279-1-small.jpg","0","0","3","1","https://www.dassh.ac.uk/rockpool_images/Survey-images/1279-1-small.jpg","Frequent <1000"
20716,1279,"Ascophyllum nodosum","WhatsApp Image 2023-06-21 at 16.27.43 (2).jpeg","1279-2-small.jpg","0","0","3","0","https://www.dassh.ac.uk/rockpool_images/Survey-images/1279-2-small.jpg","Rare <10"
20717,1279,"Fucus vesiculosus","WhatsApp Image 2023-06-21 at 16.27.43 (1).jpeg","1279-3-small.jpg","0","0","3","0","https://www.dassh.ac.uk/rockpool_images/Survey-images/1279-3-small.jpg","Occasional <100"
20718,1279,"Fucus spiralis","WhatsApp Image 2023-06-23 at 12.16.10.jpeg","1279-4-small.jpg","0","0","3","1","https://www.dassh.ac.uk/rockpool_images/Survey-images/1279-4-small.jpg","Occasional <100"
20719,1280,"Xantho hydrophilus","355611097_788001389691422_4595647459432689400_n.jpg","1280-1-small.jpg","0","0","3","0","https://www.dassh.ac.uk/rockpool_images/Survey-images/1280-1-small.jpg","Occasional <100"
20720,1280,"Cancer pagurus","355629290_741240437690320_6380091014784948529_n.jpg","1280-2-small.jpg","1","0","3","0","https://www.dassh.ac.uk/rockpool_images/Survey-images/1280-2-small.jpg","Rare <10"
20721,1280,"Necora puber","355512133_297435665950903_1707170080928800240_n.jpg","1280-3-small.jpg","0","0","4","1","https://www.dassh.ac.uk/rockpool_images/Survey-images/1280-3-small.jpg","Rare <10"
20722,1280,"Carcinus maenas","354566147_1405801236878231_2396043040891221088_n.jpg","1280-4-small.jpg","0","0","3","1","https://www.dassh.ac.uk/rockpool_images/Survey-images/1280-4-small.jpg","Rare <10"
20733,1283,"Xantho hydrophilus","7b53498b-87c9-400c-879b-c9c892be3765.jpg","1283-1-small.jpg","0","0","3","0","https://www.dassh.ac.uk/rockpool_images/Survey-images/1283-1-small.jpg","Occasional <100"
20734,1283,"Xantho pilipes","78942c75-310f-4f11-ab98-e5b45b4fec0e.jpg","1283-2-small.jpg","0","0","3","0","https://www.dassh.ac.uk/rockpool_images/Survey-images/1283-2-small.jpg","Single"
20735,1283,"Cancer pagurus","325398ee-0b4b-4161-8251-78cf114bcfc5.jpg","1283-3-small.jpg","0","0","3","0","https://www.dassh.ac.uk/rockpool_images/Survey-images/1283-3-small.jpg","Single"
20842,1293,"Xantho hydrophilus","IMG_2298.jpeg","1293-1-small.jpg","0","0","3","0","https://www.dassh.ac.uk/rockpool_images/Survey-images/1293-1-small.jpg","Occasional <100"
20843,1293,"Unlisted 1","IMG_2297.jpeg","1293-2-small.jpg","1","0","3","0","https://www.dassh.ac.uk/rockpool_images/Survey-images/1293-2-small.jpg","Single"
20938,1297,"Fucus serratus","IMG_2290.jpeg","1297-1-small.jpg","0","0","3","0","https://www.dassh.ac.uk/rockpool_images/Survey-images/1297-1-small.jpg","Common <10000"
20939,1297,"Fucus vesiculosus","IMG_2291.jpeg","1297-2-small.jpg","0","0","3","0","https://www.dassh.ac.uk/rockpool_images/Survey-images/1297-2-small.jpg","Frequent <1000"
20940,1297,"Sargassum muticum","IMG_2292.jpeg","1297-3-small.jpg","0","0","3","0","https://www.dassh.ac.uk/rockpool_images/Survey-images/1297-3-small.jpg","Common <10000"
20941,1297,"Cystoseira tamariscifolia","IMG_2293.jpeg","1297-4-small.jpg","0","0","3","0","https://www.dassh.ac.uk/rockpool_images/Survey-images/1297-4-small.jpg","Occasional <100"
20942,1297,"Unlisted 1","IMG_2289.jpeg","1297-5-small.jpg","1","0","3","0","https://www.dassh.ac.uk/rockpool_images/Survey-images/1297-5-small.jpg","Single"
20943,1298,"Fucus serratus","IMG_2312.jpeg","1298-1-small.jpg","0","0","3","0","https://www.dassh.ac.uk/rockpool_images/Survey-images/1298-1-small.jpg","Abundant <100000"
20944,1298,"Fucus vesiculosus","IMG_2316.jpeg","1298-2-small.jpg","0","0","3","0","https://www.dassh.ac.uk/rockpool_images/Survey-images/1298-2-small.jpg","Frequent <1000"
20945,1298,"Himanthalia elongata","IMG_2313.jpeg","1298-3-small.jpg","0","0","3","0","https://www.dassh.ac.uk/rockpool_images/Survey-images/1298-3-small.jpg","Frequent <1000"
20946,1298,"Sargassum muticum","IMG_2314.jpeg","1298-4-small.jpg","0","0","3","0","https://www.dassh.ac.uk/rockpool_images/Survey-images/1298-4-small.jpg","Frequent <1000"
20947,1298,"Unlisted 1","IMG_2311.jpeg","1298-5-small.jpg","1","0","3","0","https://www.dassh.ac.uk/rockpool_images/Survey-images/1298-5-small.jpg","Single"
20948,1299,"Carcinus maenas","IMG_2370.jpeg","1299-1-small.jpg","0","0","3","0","https://www.dassh.ac.uk/rockpool_images/Survey-images/1299-1-small.jpg","Rare <10"
20949,1299,"Xantho hydrophilus","IMG_2367.jpeg","1299-2-small.jpg","0","0","3","0","https://www.dassh.ac.uk/rockpool_images/Survey-images/1299-2-small.jpg","Occasional <100"
20950,1299,"Necora puber","IMG_2459.jpeg","1299-3-small.jpg","0","0","3","0","https://www.dassh.ac.uk/rockpool_images/Survey-images/1299-3-small.jpg","Rare <10"
20951,1299,"Cancer pagurus","IMG_2460.jpeg","1299-4-small.jpg","0","0","3","0","https://www.dassh.ac.uk/rockpool_images/Survey-images/1299-4-small.jpg","Rare <10"
20952,1299,"Xantho pilipes","IMG_2461.jpeg","1299-5-small.jpg","0","0","3","0","https://www.dassh.ac.uk/rockpool_images/Survey-images/1299-5-small.jpg","Rare <10"
20953,1299,"Unknown 1","IMG_2371.jpeg","1299-6-small.jpg","1","0","3","0","https://www.dassh.ac.uk/rockpool_images/Survey-images/1299-6-small.jpg","Single"
20954,1300,"Fucus serratus","IMG_2372.jpeg","1300-1-small.jpg","0","0","3","0","https://www.dassh.ac.uk/rockpool_images/Survey-images/1300-1-small.jpg","Common <10000"
20955,1300,"Fucus vesiculosus","IMG_2373.jpeg","1300-2-small.jpg","0","0","3","0","https://www.dassh.ac.uk/rockpool_images/Survey-images/1300-2-small.jpg","Common <10000"
20956,1300,"Himanthalia elongata","IMG_2374.jpeg","1300-3-small.jpg","0","0","3","0","https://www.dassh.ac.uk/rockpool_images/Survey-images/1300-3-small.jpg","Occasional <100"
20957,1300,"Fucus spiralis","IMG_2375.jpeg","1300-4-small.jpg","0","0","3","0","https://www.dassh.ac.uk/rockpool_images/Survey-images/1300-4-small.jpg","Single"
20958,1300,"Ascophyllum nodosum","IMG_2463.jpeg","1300-5-small.jpg","0","0","3","0","https://www.dassh.ac.uk/rockpool_images/Survey-images/1300-5-small.jpg","Single"
20959,1300,"Unknown 1","IMG_2366.jpeg","1300-6-small.jpg","1","0","3","0","https://www.dassh.ac.uk/rockpool_images/Survey-images/1300-6-small.jpg","Single"
